<?xml version="1.0" encoding="utf-8" standalone="yes"?>
<rss version="2.0" xmlns:atom="http://www.w3.org/2005/Atom">
  <channel>
    <title>Teen Patti Online App – Play &amp; Win Real Money in Australia on Teen Patti</title>
    <link>https://teenpattiau.com/app/</link>
    <description>Recent content in Teen Patti Online App – Play &amp; Win Real Money in Australia on Teen Patti</description>
    <generator>Hugo</generator>
    <language>en</language>
    <lastBuildDate></lastBuildDate>
    <atom:link href="https://teenpattiau.com/app/index.xml" rel="self" type="application/rss+xml" />
  </channel>
</rss>
